ID,age,year,major,GPA
1,21,Freshman,Psychology,2.98
2,20,Sophomore,Data Analytics,3.09
3,20,Sophomore,Electrical Engineering,2.6
4,20,Freshman,Psychology,3.04
5,20,Junior,Data Analytics,2.84
6,20,Junior,Business Admin,2.75
7,20,Senior,Business Admin,2.82
8,23,Sophomore,Electrical Engineering,2.28
9,21,Senior,Psychology,2.62
10,19,Freshman,Business Admin,2.2
11,19,Senior,Psychology,2.69
12,19,Sophomore,Business Admin,3.14
13,20,Junior,Computer Science,2.89
14,21,Freshman,Art History,3.42
15,19,Senior,Art History,3.12
16,19,Sophomore,Data Analytics,2.22
17,20,Sophomore,Electrical Engineering,2.55
18,21,Senior,Data Analytics,2.16
19,21,Senior,Art History,3.03
20,19,Sophomore,Computer Science,2.84
21,22,Senior,Biology,2.45
22,18,Senior,Business Admin,2.93
23,21,Freshman,Biology,2.36
24,20,Sophomore,Business Admin,3.22
25,19,Junior,Electrical Engineering,2.87
26,21,Junior,Business Admin,2.92
27,21,Freshman,Biology,2.24
28,18,Senior,Computer Science,2.81
29,20,Freshman,Biology,2.49
30,21,Senior,Art History,2.61
31,20,Freshman,Business Admin,2.67
32,22,Sophomore,Biology,1.55
33,20,Sophomore,Data Analytics,2.93
34,19,Sophomore,Art History,2.54
35,20,Senior,Business Admin,2.85
36,19,Freshman,Art History,3.16
37,20,Freshman,Business Admin,3.23
38,20,Freshman,Art History,2.09
39,18,Junior,Computer Science,3.45
40,21,Junior,Psychology,3.04
41,21,Senior,Data Analytics,3.15
42,22,Senior,Biology,3.34
43,20,Freshman,Computer Science,3.56
44,20,Sophomore,Business Admin,3.09
45,19,Freshman,Business Admin,1.38
46,20,Junior,Art History,3.19
47,21,Sophomore,Computer Science,2.21
48,19,Sophomore,Art History,3.29
49,20,Senior,Art History,3.24
50,20,Freshman,Data Analytics,2.99
51,19,Sophomore,Art History,2.51
52,18,Freshman,Psychology,3.6
53,22,Sophomore,Data Analytics,2.49
54,20,Freshman,Business Admin,2.75
55,20,Senior,Biology,3.52
56,19,Senior,Data Analytics,3.15
57,21,Sophomore,Art History,3.49
58,20,Senior,Food Science,3.04
59,22,Freshman,Psychology,3.2
60,21,Freshman,Computer Science,2.82
61,21,Sophomore,Psychology,1.92
62,22,Sophomore,Computer Science,1.84
63,22,Junior,Computer Science,1.44
64,20,Sophomore,Art History,2.17
65,20,Junior,Art History,1.83
66,19,Freshman,Data Analytics,2.57
67,20,Sophomore,Data Analytics,2.95
68,22,Sophomore,Data Analytics,2.88
69,20,Junior,Biology,1.65
70,20,Sophomore,Computer Science,3.3
71,21,Senior,Computer Science,2.58
72,20,Junior,Computer Science,2.21
73,20,Senior,Data Analytics,2.08
74,19,Freshman,Data Analytics,2.52
75,19,Freshman,Food Science,2.18
76,19,Junior,Computer Science,1.56
77,20,Freshman,Electrical Engineering,2.53
78,19,Sophomore,Computer Science,2.86
79,19,Senior,Data Analytics,2.04
80,20,Senior,Business Admin,2.24
81,21,Junior,Data Analytics,2.53
82,18,Junior,Psychology,3.25
83,21,Junior,Data Analytics,3
84,21,Freshman,Food Science,2.09
85,20,Junior,Electrical Engineering,2.69
86,19,Freshman,Biology,3.01
87,20,Freshman,Art History,2.73
88,20,Sophomore,Computer Science,1.88
89,21,Freshman,Computer Science,3.17
90,22,Sophomore,Biology,3.05
91,20,Freshman,Business Admin,2.28
92,20,Senior,Food Science,3.02
93,22,Sophomore,Psychology,2.52
94,19,Freshman,Electrical Engineering,3.08
95,22,Sophomore,Business Admin,1.98
96,20,Freshman,Food Science,3.25
97,21,Junior,Business Admin,2.45
98,20,Freshman,Food Science,2.9
99,18,Freshman,Electrical Engineering,2.3
100,21,Sophomore,Computer Science,3.01
101,21,Freshman,Food Science,2.08
102,20,Junior,Data Analytics,3.26
103,22,Senior,Electrical Engineering,3.05
104,21,Sophomore,Biology,2.99
105,21,Freshman,Computer Science,1.66
106,22,Sophomore,Data Analytics,3.2
107,20,Senior,Food Science,2.24
108,21,Freshman,Business Admin,2.93
109,18,Freshman,Art History,2.51
110,19,Sophomore,Food Science,2.29
111,21,Junior,Psychology,3.38
112,20,Freshman,Psychology,3.57
113,19,Senior,Computer Science,2.11
114,19,Senior,Business Admin,2.53
115,21,Senior,Business Admin,1.92
116,21,Senior,Computer Science,2.93
117,20,Freshman,Food Science,2.34
118,20,Sophomore,Psychology,1.98
119,18,Senior,Psychology,2.26
120,19,Senior,Food Science,1.99
121,19,Senior,Food Science,3.11
122,20,Sophomore,Computer Science,3.39
123,21,Freshman,Biology,2.73
124,22,Senior,Food Science,2.03
125,21,Junior,Computer Science,3.33
126,20,Senior,Psychology,3.15
127,20,Junior,Computer Science,2.33
128,19,Junior,Food Science,3.3
129,22,Sophomore,Biology,2.28
130,21,Sophomore,Computer Science,2.48
131,21,Freshman,Computer Science,3.22
132,20,Junior,Psychology,2.43
133,19,Freshman,Food Science,3.02
134,21,Junior,Food Science,2.58
135,19,Senior,Psychology,2.59
136,17,Junior,Art History,3.03
137,21,Sophomore,Business Admin,2.61
138,21,Senior,Computer Science,2.69
139,20,Junior,Food Science,2.58
140,20,Freshman,Art History,2.97
141,20,Sophomore,Art History,2.66
142,19,Senior,Art History,2.45
143,20,Junior,Art History,2.29
144,20,Junior,Food Science,3.07
145,19,Freshman,Psychology,2.64
146,21,Senior,Electrical Engineering,3.21
147,18,Freshman,Computer Science,2.13
148,20,Senior,Data Analytics,2.87
149,21,Sophomore,Art History,2.41
150,19,Junior,Business Admin,1.85
151,20,Junior,Data Analytics,2.74
152,18,Junior,Food Science,2.02
153,20,Sophomore,Electrical Engineering,2.33
154,22,Freshman,Psychology,2.65
155,18,Freshman,Psychology,2.9
156,22,Sophomore,Art History,1.69
157,20,Sophomore,Computer Science,2.57
158,21,Junior,Data Analytics,2.22
159,21,Freshman,Electrical Engineering,3.36
160,19,Sophomore,Biology,2.1
161,21,Senior,Computer Science,2.83
162,20,Junior,Food Science,2.27
163,20,Junior,Business Admin,2.21
164,20,Junior,Art History,2.32
165,21,Sophomore,Electrical Engineering,2.19
166,19,Senior,Computer Science,1.83
167,19,Senior,Food Science,2.25
168,19,Senior,Computer Science,2.45
169,19,Junior,Business Admin,2.53
170,20,Freshman,Business Admin,2.89
171,20,Junior,Computer Science,2.5
172,19,Freshman,Computer Science,2.93
173,18,Freshman,Art History,1.8
174,22,Senior,Psychology,2.49
175,19,Freshman,Data Analytics,1.78
176,19,Junior,Data Analytics,2.76
177,19,Junior,Data Analytics,3.13
178,18,Junior,Biology,2.62
179,21,Sophomore,Art History,2.17
180,20,Senior,Data Analytics,3.37
181,21,Sophomore,Computer Science,2.16
182,21,Senior,Biology,3.51
183,20,Sophomore,Data Analytics,3.12
184,19,Sophomore,Data Analytics,2.57
185,22,Senior,Food Science,2.62
186,20,Freshman,Biology,2.82
187,20,Junior,Psychology,2.1
188,21,Junior,Computer Science,3.36
189,21,Sophomore,Biology,2.81
190,20,Junior,Psychology,2.79
191,20,Freshman,Psychology,2.85
192,19,Sophomore,Biology,2.23
193,19,Senior,Business Admin,2.58
194,20,Senior,Food Science,2.1
195,19,Sophomore,Art History,2.69
196,19,Freshman,Computer Science,2.53
197,21,Senior,Business Admin,3.13
198,19,Freshman,Food Science,3.01
199,20,Junior,Electrical Engineering,3.19
200,19,Sophomore,Data Analytics,3.16
201,19,Junior,Food Science,2.08
202,21,Sophomore,Biology,2.71
203,19,Freshman,Art History,3.29
204,20,Sophomore,Biology,2.12
205,18,Senior,Computer Science,2.27
206,19,Junior,Food Science,1.88
207,20,Sophomore,Biology,2.63
208,21,Junior,Computer Science,2.7
209,20,Sophomore,Electrical Engineering,2.12
210,20,Freshman,Art History,3.26
211,21,Sophomore,Psychology,3.61
212,19,Junior,Art History,2.55
213,20,Senior,Food Science,2.64
214,19,Junior,Biology,3.02
215,20,Freshman,Food Science,2.49
216,20,Senior,Biology,2.68
217,21,Junior,Electrical Engineering,2.22
218,19,Sophomore,Psychology,2.51
219,18,Junior,Biology,2.92
220,18,Senior,Psychology,1.44
221,20,Freshman,Data Analytics,2.79
222,21,Sophomore,Computer Science,2.74
223,19,Sophomore,Data Analytics,2.62
224,21,Sophomore,Computer Science,3.29
225,20,Junior,Computer Science,3.02
226,21,Junior,Psychology,2.99
227,19,Sophomore,Psychology,3.52
228,21,Senior,Electrical Engineering,2.82
229,20,Freshman,Data Analytics,2.07
230,20,Freshman,Data Analytics,1.17
231,20,Junior,Art History,2.9
232,21,Senior,Psychology,2.13
233,20,Senior,Computer Science,2.14
234,21,Sophomore,Business Admin,2.75
235,20,Freshman,Electrical Engineering,2.92
236,18,Senior,Food Science,2.01
237,21,Senior,Electrical Engineering,2.44
238,20,Junior,Data Analytics,2.99
239,20,Freshman,Psychology,3.13
240,21,Junior,Electrical Engineering,3.53
241,21,Junior,Art History,2.28
242,20,Sophomore,Art History,2.6
243,20,Junior,Electrical Engineering,2.11
244,20,Freshman,Psychology,2.14
245,22,Senior,Business Admin,2.98
246,20,Sophomore,Computer Science,1.7
247,20,Junior,Psychology,2.48
248,18,Freshman,Business Admin,3.01
249,20,Junior,Biology,2.89
250,22,Freshman,Art History,1.99
251,19,Junior,Art History,2.62
252,21,Junior,Computer Science,2.21
253,21,Sophomore,Art History,1.87
254,19,Freshman,Psychology,2.85
255,21,Junior,Art History,3.26
256,21,Senior,Business Admin,1.96
257,21,Freshman,Business Admin,2.02
258,20,Sophomore,Electrical Engineering,2.32
259,20,Sophomore,Food Science,2.98
260,21,Freshman,Electrical Engineering,2.45
261,19,Senior,Food Science,3.42
262,21,Sophomore,Business Admin,2.53
263,20,Senior,Psychology,3.55
264,19,Freshman,Art History,2.01
265,22,Sophomore,Art History,2.72
266,20,Freshman,Psychology,3.4
267,19,Junior,Computer Science,2.51
268,19,Junior,Electrical Engineering,2.41
269,22,Freshman,Psychology,3.05
270,19,Sophomore,Business Admin,2.96
271,20,Senior,Computer Science,2.2
272,21,Junior,Biology,3.03
273,19,Freshman,Electrical Engineering,1.47
274,21,Senior,Biology,3.28
275,18,Freshman,Computer Science,3.33
276,19,Freshman,Data Analytics,2.67
277,19,Sophomore,Biology,1.76
278,20,Sophomore,Biology,1.93
279,19,Freshman,Biology,2.43
280,19,Senior,Data Analytics,2.15
281,21,Sophomore,Computer Science,1.72
282,20,Senior,Art History,2.77
283,21,Sophomore,Psychology,1.74
284,21,Sophomore,Electrical Engineering,3.09
285,20,Freshman,Art History,3.27
286,20,Senior,Biology,3.02
287,20,Senior,Computer Science,3.57
288,21,Sophomore,Biology,1.15
289,19,Junior,Biology,3.56
290,21,Sophomore,Psychology,3.15
291,20,Junior,Psychology,2.99
292,17,Junior,Psychology,3.08
293,19,Sophomore,Computer Science,2.82
294,18,Sophomore,Biology,2.34
295,21,Sophomore,Psychology,3.24
296,21,Freshman,Business Admin,3.38
297,20,Senior,Art History,3.58
298,20,Sophomore,Electrical Engineering,3.4
299,19,Freshman,Electrical Engineering,1.93
300,21,Sophomore,Electrical Engineering,3.38
301,22,Sophomore,Art History,2.61
302,20,Sophomore,Psychology,2.98
303,22,Junior,Data Analytics,2.64
304,21,Sophomore,Data Analytics,2.44
305,19,Junior,Electrical Engineering,1.79
306,20,Senior,Psychology,2.92
307,19,Sophomore,Computer Science,2.17
308,18,Senior,Food Science,2.81
309,21,Junior,Computer Science,2.89
310,20,Sophomore,Psychology,2.7
311,21,Senior,Psychology,2.11
312,20,Sophomore,Biology,3.13
313,20,Junior,Biology,2.47
314,18,Freshman,Business Admin,3.08
315,21,Senior,Food Science,3.31
316,19,Senior,Computer Science,2.91
317,21,Freshman,Psychology,2.47
318,20,Sophomore,Food Science,3.14
319,19,Junior,Food Science,3.13
320,19,Senior,Food Science,3.15
321,20,Sophomore,Business Admin,2.37
322,20,Junior,Data Analytics,2.8
323,21,Senior,Psychology,2.37
324,22,Junior,Biology,2.48
325,19,Junior,Electrical Engineering,2.72
326,21,Senior,Business Admin,2.11
327,19,Sophomore,Business Admin,2.7
328,20,Sophomore,Food Science,3.28
329,20,Freshman,Business Admin,2.31
330,20,Junior,Psychology,1.92
331,20,Junior,Electrical Engineering,2.17
332,21,Senior,Electrical Engineering,2.7
333,19,Freshman,Psychology,2.75
334,20,Senior,Psychology,2.76
335,19,Sophomore,Electrical Engineering,3.06
336,20,Sophomore,Computer Science,2.29
337,19,Senior,Art History,3.56
338,21,Senior,Art History,1.56
339,21,Sophomore,Business Admin,3.19
340,21,Senior,Business Admin,3.01
341,20,Sophomore,Food Science,2.55
342,18,Freshman,Electrical Engineering,3.32
343,20,Junior,Psychology,2.64
344,21,Junior,Food Science,2.86
345,21,Junior,Biology,2.67
346,22,Sophomore,Data Analytics,1.79
347,22,Senior,Data Analytics,2.63
348,20,Senior,Data Analytics,2.35
349,22,Junior,Food Science,3.03
350,21,Junior,Art History,3.02
351,22,Sophomore,Business Admin,2.85
352,19,Freshman,Electrical Engineering,2.02
353,18,Junior,Art History,2.35
354,20,Junior,Electrical Engineering,2.95
355,22,Senior,Data Analytics,2.85
356,19,Senior,Art History,3.57
357,20,Sophomore,Food Science,2.26
358,19,Sophomore,Psychology,3.05
359,21,Sophomore,Data Analytics,2.9
360,21,Freshman,Business Admin,3.28
361,19,Sophomore,Food Science,2.48
362,21,Junior,Food Science,2.6
363,19,Senior,Electrical Engineering,3.29
364,21,Junior,Biology,3.07
365,19,Freshman,Computer Science,2.58
366,19,Sophomore,Biology,3.15
367,19,Senior,Computer Science,2.41
368,19,Senior,Food Science,3.18
369,20,Junior,Computer Science,2.21
370,21,Freshman,Computer Science,2.99
371,20,Freshman,Business Admin,2.44
372,21,Freshman,Electrical Engineering,2.49
373,19,Junior,Business Admin,3.14
374,19,Senior,Computer Science,2.17
375,20,Junior,Art History,2.62
376,20,Freshman,Biology,2.66
377,20,Freshman,Psychology,2.54
378,20,Sophomore,Data Analytics,3.07
379,21,Sophomore,Computer Science,2.3
380,20,Junior,Food Science,1.78
381,20,Senior,Biology,2.36
382,19,Freshman,Computer Science,2.5
383,19,Freshman,Business Admin,2.17
384,20,Freshman,Computer Science,3.32
385,21,Sophomore,Electrical Engineering,1.88
386,20,Senior,Business Admin,3.2
387,20,Senior,Biology,2.65
388,21,Junior,Art History,2.97
389,20,Senior,Computer Science,1.61
390,19,Sophomore,Data Analytics,2.16
391,22,Freshman,Data Analytics,2.29
392,20,Junior,Food Science,2.29
393,19,Freshman,Electrical Engineering,2.29
394,19,Sophomore,Business Admin,2.15
395,19,Sophomore,Psychology,3.32
396,18,Freshman,Psychology,2.63
397,21,Junior,Food Science,2.99
398,18,Junior,Psychology,2.23
399,21,Freshman,Art History,2.88
400,20,Sophomore,Computer Science,2.99
401,19,Sophomore,Art History,1.89
402,19,Senior,Electrical Engineering,2.74
403,20,Freshman,Computer Science,2.38
404,20,Sophomore,Biology,3.25
405,21,Junior,Biology,2.99
406,20,Freshman,Business Admin,2.47
407,20,Junior,Psychology,3.43
408,20,Senior,Electrical Engineering,2.66
409,18,Sophomore,Psychology,2.75
410,21,Freshman,Art History,2.03
411,20,Sophomore,Art History,3.28
412,20,Junior,Biology,3.18
413,20,Sophomore,Electrical Engineering,1.68
414,20,Freshman,Electrical Engineering,2.92
415,21,Sophomore,Biology,2.64
416,18,Sophomore,Art History,2.27
417,21,Sophomore,Electrical Engineering,2.2
418,20,Senior,Electrical Engineering,2.26
419,20,Freshman,Food Science,3
420,19,Freshman,Computer Science,2.32
421,21,Freshman,Data Analytics,2.55
422,20,Sophomore,Art History,2.71
423,21,Freshman,Psychology,2.64
424,20,Senior,Electrical Engineering,2.3
425,20,Freshman,Data Analytics,2.67
426,19,Junior,Biology,2.96
427,20,Senior,Data Analytics,2.87
428,20,Senior,Data Analytics,2.17
429,18,Sophomore,Computer Science,2.54
430,18,Junior,Food Science,2.26
431,21,Sophomore,Biology,2.83
432,21,Freshman,Business Admin,2.91
433,21,Senior,Computer Science,2.84
434,20,Junior,Food Science,2.61
435,20,Senior,Art History,2.2
436,21,Junior,Psychology,1.95
437,21,Sophomore,Art History,2.96
438,19,Sophomore,Data Analytics,3.52
439,19,Freshman,Computer Science,1.91
440,20,Junior,Data Analytics,3.39
441,21,Senior,Art History,2.7
442,21,Senior,Business Admin,2.96
443,20,Senior,Electrical Engineering,2.05
444,20,Junior,Electrical Engineering,2.43
445,19,Sophomore,Computer Science,2.8
446,21,Sophomore,Computer Science,2.77
447,18,Senior,Data Analytics,2.74
448,19,Freshman,Biology,2.5
449,19,Senior,Electrical Engineering,3.1
450,21,Junior,Business Admin,2.94
451,20,Junior,Computer Science,2.84
452,21,Senior,Electrical Engineering,2.2
453,19,Senior,Food Science,3.38
454,20,Freshman,Electrical Engineering,2.36
455,20,Junior,Business Admin,2.97
456,19,Freshman,Electrical Engineering,2.55
457,21,Freshman,Psychology,2.64
458,19,Senior,Biology,3.26
459,20,Sophomore,Psychology,3.08
460,19,Sophomore,Psychology,1.79
461,22,Freshman,Art History,3.48
462,20,Sophomore,Food Science,1.94
463,18,Sophomore,Data Analytics,3.26
464,18,Senior,Computer Science,2.74
465,19,Freshman,Psychology,2.57
466,19,Senior,Electrical Engineering,2.37
467,20,Junior,Electrical Engineering,2.81
468,20,Junior,Electrical Engineering,2.44
469,20,Freshman,Art History,2.83
470,20,Freshman,Food Science,1.83
471,20,Junior,Biology,2.64
472,19,Senior,Computer Science,2.82
473,21,Junior,Food Science,2.71
474,20,Junior,Art History,1.86
475,22,Junior,Business Admin,3.24
476,19,Freshman,Psychology,2.27
477,20,Senior,Food Science,2.4
478,20,Sophomore,Computer Science,2.24
479,21,Freshman,Psychology,3.02
480,20,Senior,Data Analytics,3.28
481,21,Junior,Electrical Engineering,2.35
482,21,Junior,Business Admin,2.86
483,19,Freshman,Psychology,3.12
484,20,Freshman,Food Science,3.2
485,19,Junior,Psychology,3.12
486,21,Senior,Computer Science,2.6
487,22,Freshman,Data Analytics,2.64
488,19,Sophomore,Biology,2.42
489,19,Senior,Biology,2.57
490,21,Sophomore,Computer Science,3.28
491,22,Senior,Computer Science,3.31
492,22,Senior,Electrical Engineering,2.52
493,20,Senior,Psychology,2.56
494,21,Freshman,Psychology,2.77
495,20,Sophomore,Business Admin,2.52
496,21,Freshman,Business Admin,3.34
497,22,Sophomore,Psychology,2.7
498,18,Freshman,Computer Science,3.05
499,20,Senior,Biology,3.17
500,19,Freshman,Electrical Engineering,3.01
501,18,Sophomore,Electrical Engineering,2.13
502,21,Junior,Computer Science,2.19
503,19,Junior,Data Analytics,3.12
504,19,Junior,Art History,2.36
505,19,Senior,Art History,1.13
506,19,Junior,Electrical Engineering,3.52
507,18,Freshman,Art History,2.55
508,21,Sophomore,Art History,2.2
509,21,Sophomore,Biology,3.02
510,20,Senior,Computer Science,3.29
511,19,Senior,Art History,3.01
512,22,Sophomore,Business Admin,2.99
513,18,Freshman,Electrical Engineering,2.86
514,21,Junior,Business Admin,1.92
515,20,Junior,Computer Science,1.65
516,20,Senior,Biology,2.83
517,21,Sophomore,Art History,2.7
518,21,Junior,Biology,1.88
519,19,Junior,Biology,3.02
520,21,Freshman,Electrical Engineering,2.64
521,20,Junior,Biology,2.26
522,20,Junior,Food Science,2.64
523,20,Junior,Food Science,2
524,20,Senior,Food Science,2.71
525,21,Junior,Psychology,3.09
526,20,Junior,Food Science,1.93
527,22,Junior,Food Science,3.18
528,21,Senior,Food Science,3.16
529,20,Senior,Business Admin,2.71
530,21,Sophomore,Art History,2.64
531,20,Senior,Data Analytics,2.48
532,19,Senior,Business Admin,3.08
533,18,Sophomore,Business Admin,2.8
534,19,Junior,Biology,2.96
535,19,Junior,Biology,3.28
536,22,Senior,Business Admin,3.14
537,20,Freshman,Business Admin,2.52
538,20,Senior,Computer Science,2.32
539,20,Junior,Business Admin,2.74
540,21,Freshman,Computer Science,2.75
541,19,Junior,Electrical Engineering,2.96
542,18,Senior,Psychology,3.15
543,19,Senior,Psychology,2.33
544,20,Sophomore,Electrical Engineering,3.01
545,19,Junior,Psychology,2.48
546,20,Junior,Data Analytics,3.01
547,20,Freshman,Computer Science,2.78
548,21,Junior,Computer Science,2.68
549,20,Junior,Electrical Engineering,2.37
550,20,Junior,Psychology,2.79
551,22,Sophomore,Data Analytics,3.22
552,19,Freshman,Food Science,3.02
553,22,Freshman,Electrical Engineering,2.02
554,19,Freshman,Food Science,3.25
555,20,Senior,Computer Science,2.99
556,23,Sophomore,Business Admin,2.73
557,20,Sophomore,Biology,2.98
558,22,Freshman,Computer Science,2.81
559,19,Sophomore,Electrical Engineering,1.96
560,19,Junior,Psychology,2.96
561,20,Senior,Data Analytics,3.5
562,22,Senior,Food Science,2.43
563,20,Sophomore,Computer Science,3.1
564,21,Junior,Psychology,3.15
565,20,Freshman,Computer Science,3.24
566,20,Senior,Computer Science,3.61
567,19,Freshman,Data Analytics,2.74
568,20,Senior,Art History,2.46
569,20,Freshman,Computer Science,3.3
570,19,Sophomore,Food Science,2.66
571,20,Sophomore,Data Analytics,2.04
572,21,Freshman,Data Analytics,2.88
573,22,Senior,Computer Science,2.69
574,19,Freshman,Food Science,2.94
575,21,Freshman,Food Science,1.43
576,21,Senior,Psychology,3.1
577,21,Senior,Electrical Engineering,3.52
578,22,Junior,Psychology,2.92
579,20,Junior,Electrical Engineering,3.02
580,19,Sophomore,Data Analytics,2.29
581,20,Senior,Psychology,2.33
582,20,Junior,Psychology,2.49
583,20,Freshman,Computer Science,3.37
584,21,Freshman,Art History,1.91
585,19,Junior,Computer Science,2.97
586,19,Senior,Psychology,2.1
587,21,Senior,Electrical Engineering,2.17
588,18,Junior,Art History,3.04
589,21,Sophomore,Food Science,2
590,21,Sophomore,Electrical Engineering,3.08
591,20,Sophomore,Biology,1.75
592,21,Sophomore,Psychology,2.29
593,20,Freshman,Food Science,3.16
594,20,Freshman,Computer Science,3.47
595,21,Junior,Business Admin,2.73
596,20,Junior,Data Analytics,2.77
597,20,Junior,Business Admin,2.39
598,21,Junior,Food Science,2.38
599,19,Freshman,Business Admin,2.51
600,20,Senior,Food Science,2.44
601,20,Sophomore,Business Admin,2.63
602,19,Junior,Computer Science,2.65
603,21,Junior,Electrical Engineering,2.89
604,21,Junior,Art History,3.33
605,19,Freshman,Food Science,3.11
606,18,Senior,Psychology,2.42
607,20,Senior,Art History,2.86
608,19,Sophomore,Food Science,2.43
609,20,Senior,Data Analytics,2.18
610,19,Junior,Business Admin,3.09
611,20,Sophomore,Food Science,2.76
612,19,Sophomore,Food Science,2.5
613,21,Freshman,Electrical Engineering,2.87
614,18,Junior,Business Admin,3.19
615,20,Senior,Data Analytics,2.52
616,20,Sophomore,Electrical Engineering,2.56
617,19,Sophomore,Electrical Engineering,3.13
618,21,Junior,Business Admin,2.84
619,21,Junior,Electrical Engineering,2.51
620,20,Freshman,Art History,2.77
621,19,Freshman,Art History,3.37
622,21,Freshman,Psychology,1.82
623,19,Freshman,Biology,2.16
624,21,Junior,Business Admin,3.55
625,18,Senior,Data Analytics,2.96
626,19,Sophomore,Business Admin,2.65
627,20,Freshman,Psychology,3.15
628,19,Freshman,Electrical Engineering,2.49
629,20,Junior,Computer Science,3.51
630,21,Senior,Food Science,1.89
631,20,Sophomore,Food Science,2.1
632,20,Sophomore,Art History,2.58
633,19,Sophomore,Computer Science,3.15
634,21,Freshman,Art History,2.95
635,19,Senior,Art History,2.76
636,20,Sophomore,Business Admin,2.6
637,19,Senior,Data Analytics,1.9
638,20,Senior,Business Admin,2.59
639,21,Junior,Computer Science,2.55
640,21,Junior,Data Analytics,2.44
641,20,Senior,Art History,1.92
642,21,Sophomore,Psychology,2.65
643,19,Junior,Business Admin,3.16
644,19,Senior,Art History,2.53
645,19,Freshman,Psychology,3.61
646,18,Senior,Psychology,3.28
647,21,Junior,Biology,2.37
648,21,Senior,Art History,2.9
649,20,Junior,Food Science,2.28
650,19,Sophomore,Computer Science,3
651,18,Senior,Biology,2.35
652,21,Freshman,Data Analytics,2.32
653,18,Junior,Art History,2.61
654,21,Senior,Psychology,2.75
655,21,Sophomore,Computer Science,3.08
656,19,Senior,Biology,3.11
657,19,Senior,Data Analytics,1.78
658,18,Junior,Biology,3.14
659,18,Freshman,Electrical Engineering,2.85
660,19,Sophomore,Psychology,2.83
661,21,Sophomore,Psychology,2.29
662,19,Junior,Computer Science,1.83
663,20,Junior,Business Admin,1.34
664,19,Freshman,Biology,2.6
665,20,Senior,Food Science,3.31
666,18,Sophomore,Business Admin,2.53
667,21,Junior,Biology,2.58
668,23,Sophomore,Electrical Engineering,2.96
669,20,Sophomore,Electrical Engineering,3.04
670,21,Senior,Food Science,3.27
671,20,Freshman,Psychology,2.24
672,21,Senior,Psychology,2.41
673,19,Sophomore,Psychology,3.43
674,19,Senior,Art History,2.5
675,21,Junior,Computer Science,2.28
676,21,Freshman,Food Science,2.39
677,23,Sophomore,Art History,2.77
678,21,Freshman,Computer Science,1.82
679,18,Sophomore,Food Science,2.46
680,20,Freshman,Business Admin,3.08
681,21,Junior,Electrical Engineering,2.7
682,20,Freshman,Psychology,1.88
683,23,Junior,Food Science,2.6
684,18,Freshman,Computer Science,3.35
685,21,Junior,Electrical Engineering,2.04
686,20,Sophomore,Art History,2.49
687,19,Senior,Food Science,2.96
688,19,Sophomore,Food Science,1.81
689,20,Sophomore,Computer Science,3.45
690,19,Junior,Food Science,2.69
691,22,Sophomore,Biology,3.19
692,20,Freshman,Food Science,2.12
693,18,Senior,Computer Science,2.45
694,20,Sophomore,Biology,3.3
695,22,Sophomore,Food Science,2.61
696,20,Sophomore,Electrical Engineering,2.75
697,20,Senior,Computer Science,2.35
698,20,Sophomore,Art History,2.11
699,18,Junior,Computer Science,2.56
700,19,Sophomore,Business Admin,3.33
701,21,Senior,Psychology,2.52
702,19,Senior,Business Admin,3.37
703,21,Junior,Business Admin,2.4
704,19,Sophomore,Computer Science,2.4
705,21,Freshman,Business Admin,2.49
706,19,Junior,Food Science,2.2
707,20,Freshman,Food Science,2.79
708,21,Senior,Psychology,2.69
709,21,Senior,Electrical Engineering,2.35
710,20,Senior,Business Admin,3.34
711,19,Senior,Data Analytics,2.79
712,21,Junior,Biology,1.89
713,19,Sophomore,Computer Science,3.37
714,19,Sophomore,Business Admin,2.75
715,20,Senior,Business Admin,3.23
716,19,Junior,Art History,2.14
717,20,Freshman,Business Admin,2.58
718,20,Senior,Biology,2.38
719,18,Freshman,Psychology,2.63
720,20,Junior,Art History,2.05
721,19,Freshman,Psychology,2.49
722,20,Freshman,Art History,2.23
723,18,Freshman,Computer Science,2.17
724,20,Junior,Electrical Engineering,2.99
725,20,Senior,Food Science,2.39
726,20,Sophomore,Food Science,3.08
727,19,Junior,Data Analytics,2.27
728,19,Sophomore,Computer Science,2.96
729,19,Junior,Psychology,1.89
730,21,Senior,Psychology,2.41
731,20,Freshman,Art History,1.93
732,20,Sophomore,Electrical Engineering,2.41
733,19,Sophomore,Food Science,3.58
734,21,Senior,Art History,3.09
735,19,Senior,Business Admin,2.9
736,19,Freshman,Computer Science,3.14
737,20,Freshman,Biology,3.16
738,20,Sophomore,Electrical Engineering,3.29
739,20,Senior,Psychology,1.88
740,20,Sophomore,Data Analytics,2.17
741,20,Junior,Computer Science,2.97
742,20,Sophomore,Computer Science,3.02
743,21,Senior,Psychology,2.86
744,21,Junior,Biology,2.56
745,19,Senior,Psychology,3.01
746,19,Freshman,Electrical Engineering,2.12
747,19,Freshman,Electrical Engineering,2.4
748,19,Freshman,Electrical Engineering,2.85
749,19,Junior,Data Analytics,2.69
750,20,Freshman,Business Admin,3.12
751,21,Senior,Computer Science,3
752,20,Freshman,Computer Science,2.53
753,19,Junior,Data Analytics,2.62
754,21,Junior,Biology,2.66
755,21,Sophomore,Electrical Engineering,2.68
756,21,Junior,Food Science,1.83
757,19,Senior,Electrical Engineering,3.05
758,20,Junior,Biology,3.15
759,20,Sophomore,Food Science,2.82
760,20,Junior,Computer Science,2.97
761,20,Junior,Business Admin,2.92
762,20,Junior,Electrical Engineering,2.28
763,19,Sophomore,Psychology,3.17
764,19,Sophomore,Business Admin,2.51
765,20,Senior,Art History,2.38
766,21,Senior,Computer Science,2.67
767,21,Sophomore,Psychology,2.54
768,21,Junior,Art History,2.75
769,20,Sophomore,Art History,2.89
770,20,Senior,Food Science,3.36
771,20,Senior,Biology,2.19
772,21,Senior,Art History,3.1
773,20,Junior,Computer Science,2.69
774,20,Sophomore,Computer Science,3.16
775,19,Senior,Computer Science,2.83
776,20,Senior,Business Admin,2.21
777,20,Senior,Psychology,2.5
778,19,Senior,Data Analytics,2.03
779,19,Junior,Art History,1.91
780,18,Freshman,Food Science,2.27
781,21,Freshman,Computer Science,2.56
782,21,Freshman,Business Admin,2.61
783,20,Freshman,Business Admin,2.69
784,21,Sophomore,Business Admin,2.22
785,20,Sophomore,Data Analytics,2.56
786,20,Sophomore,Art History,2.73
787,20,Junior,Business Admin,2.37
788,20,Senior,Data Analytics,2.71
789,20,Sophomore,Business Admin,3.11
790,22,Junior,Food Science,2.02
791,19,Junior,Psychology,3.31
792,18,Senior,Electrical Engineering,3.05
793,20,Sophomore,Psychology,3.02
794,20,Sophomore,Computer Science,2.28
795,21,Senior,Data Analytics,2.69
796,20,Junior,Psychology,2.19
797,20,Junior,Biology,3
798,20,Freshman,Data Analytics,2.57
799,20,Sophomore,Computer Science,2.58
800,20,Senior,Computer Science,2.75
801,20,Sophomore,Biology,2.57
802,21,Junior,Art History,2.75
803,20,Senior,Computer Science,2.46
804,18,Junior,Biology,1.83
805,19,Freshman,Psychology,2.4
806,21,Senior,Art History,3.63
807,19,Sophomore,Psychology,2.7
808,20,Senior,Computer Science,3.25
809,20,Sophomore,Business Admin,2.9
810,20,Junior,Art History,1.76
811,20,Sophomore,Computer Science,2.56
812,19,Junior,Business Admin,2.99
813,19,Senior,Food Science,2.73
814,21,Freshman,Art History,2.5
815,19,Sophomore,Food Science,2.02
816,19,Junior,Computer Science,2.14
817,19,Senior,Business Admin,2.74
818,21,Junior,Computer Science,3.33
819,20,Senior,Electrical Engineering,2.46
820,19,Freshman,Business Admin,3.01
821,22,Sophomore,Psychology,2.65
822,20,Sophomore,Biology,2.15
823,20,Freshman,Computer Science,3.51
824,21,Junior,Art History,3.56
825,22,Senior,Biology,2.23
826,20,Senior,Data Analytics,2.59
827,19,Junior,Biology,2.05
828,21,Junior,Psychology,2.73
829,20,Freshman,Art History,1.94
830,20,Sophomore,Computer Science,3.31
831,21,Junior,Food Science,2.13
832,21,Junior,Computer Science,2.34
833,20,Freshman,Food Science,2.84
834,19,Senior,Computer Science,3.53
835,21,Junior,Computer Science,2.42
836,19,Sophomore,Business Admin,2.92
837,19,Junior,Art History,2.69
838,20,Junior,Biology,3.45
839,19,Freshman,Electrical Engineering,1.69
840,21,Senior,Psychology,2.49
841,19,Senior,Data Analytics,3.58
842,20,Sophomore,Psychology,2.63
843,18,Freshman,Data Analytics,3.56
844,21,Junior,Art History,2.56
845,19,Junior,Computer Science,2.37
846,19,Senior,Computer Science,2.87
847,20,Sophomore,Psychology,2.85
848,20,Freshman,Biology,2.68
849,21,Junior,Electrical Engineering,2.52
850,20,Freshman,Business Admin,2.06
851,21,Freshman,Art History,3.34
852,22,Sophomore,Electrical Engineering,2.22
853,20,Junior,Computer Science,1.9
854,18,Senior,Electrical Engineering,3.05
855,20,Freshman,Food Science,2.48
856,20,Junior,Electrical Engineering,3.09
857,19,Sophomore,Biology,2.8
858,20,Senior,Business Admin,2.55
859,20,Sophomore,Business Admin,2.52
860,21,Sophomore,Business Admin,2.68
861,19,Sophomore,Art History,2.89
862,19,Sophomore,Art History,2.28
863,20,Sophomore,Art History,2.57
864,21,Senior,Art History,3.03
865,22,Sophomore,Food Science,2.16
866,19,Sophomore,Food Science,2.9
867,20,Freshman,Psychology,3.36
868,18,Freshman,Psychology,2.63
869,20,Junior,Art History,3.3
870,20,Junior,Food Science,3.13
871,18,Senior,Business Admin,2.13
872,20,Freshman,Food Science,2.21
873,19,Senior,Business Admin,2.9
874,21,Junior,Business Admin,2.54
875,21,Sophomore,Electrical Engineering,2.58
876,20,Junior,Biology,2.9
877,20,Freshman,Electrical Engineering,3.03
878,21,Senior,Food Science,3.34
879,20,Sophomore,Electrical Engineering,2.52
880,19,Senior,Biology,3.34
881,20,Freshman,Food Science,2.85
882,20,Junior,Food Science,2.81
883,20,Freshman,Psychology,3.31
884,19,Senior,Psychology,2.65
885,22,Freshman,Business Admin,2.96
886,18,Junior,Psychology,2.51
887,20,Sophomore,Art History,2
888,21,Freshman,Psychology,2.29
889,22,Senior,Psychology,2.83
890,19,Sophomore,Food Science,2.11
891,20,Sophomore,Business Admin,3.43
892,20,Freshman,Art History,2.62
893,21,Junior,Psychology,2.26
894,22,Sophomore,Computer Science,3.12
895,19,Senior,Food Science,3.19
896,19,Senior,Electrical Engineering,2.59
897,20,Freshman,Data Analytics,3.3
898,20,Senior,Art History,2.87
899,20,Sophomore,Electrical Engineering,2.67
900,18,Senior,Biology,3.48
901,20,Senior,Art History,3.34
902,20,Sophomore,Food Science,2.41
903,20,Sophomore,Biology,2.48
904,21,Senior,Business Admin,2.72
905,22,Senior,Data Analytics,2.83
906,21,Junior,Computer Science,3.45
907,20,Junior,Data Analytics,2.92
908,21,Sophomore,Electrical Engineering,1.79
909,20,Freshman,Art History,2.39
910,20,Sophomore,Food Science,1.77
911,20,Sophomore,Art History,2.5
912,19,Freshman,Business Admin,2.95
913,22,Freshman,Psychology,2.72
914,18,Senior,Biology,2.39
915,21,Junior,Computer Science,2.47
916,21,Sophomore,Electrical Engineering,2.88
917,19,Senior,Psychology,3.21
918,20,Senior,Electrical Engineering,2.55
919,19,Junior,Art History,2.47
920,17,Sophomore,Data Analytics,3.2
921,21,Sophomore,Computer Science,2.21
922,18,Junior,Computer Science,2.72
923,21,Freshman,Biology,3.18
924,20,Junior,Data Analytics,3.06
925,19,Junior,Biology,2.97
926,18,Junior,Food Science,2.69
927,20,Junior,Food Science,2.47
928,20,Freshman,Electrical Engineering,2.43
929,19,Sophomore,Art History,2.75
930,18,Junior,Art History,3.09
931,20,Freshman,Data Analytics,2.97
932,21,Sophomore,Biology,3.14
933,18,Senior,Biology,2.56
934,19,Freshman,Electrical Engineering,1.56
935,20,Senior,Art History,3.68
936,18,Sophomore,Data Analytics,2.39
937,20,Sophomore,Data Analytics,2.83
938,20,Sophomore,Data Analytics,2.89
939,20,Freshman,Business Admin,2.94
940,21,Junior,Business Admin,3.12
941,21,Sophomore,Art History,2.14
942,21,Freshman,Psychology,2.77
943,19,Sophomore,Electrical Engineering,2.92
944,21,Senior,Psychology,2.77
945,19,Senior,Art History,3.19
946,21,Junior,Data Analytics,2.77
947,19,Sophomore,Business Admin,2.65
948,21,Freshman,Electrical Engineering,2.48
949,19,Junior,Biology,1.94
950,22,Sophomore,Biology,1.27
951,21,Sophomore,Computer Science,3.53
952,18,Junior,Food Science,2.77
953,19,Freshman,Biology,3.24
954,18,Freshman,Psychology,2.67
955,21,Junior,Data Analytics,2.76
956,18,Freshman,Electrical Engineering,3
957,22,Sophomore,Business Admin,2.18
958,21,Freshman,Art History,2.73
959,21,Senior,Biology,2.82
960,21,Freshman,Data Analytics,2.59
961,20,Junior,Electrical Engineering,2
962,19,Freshman,Food Science,2.99
963,21,Junior,Food Science,2.97
964,21,Junior,Psychology,2.85
965,20,Freshman,Data Analytics,3.04
966,20,Sophomore,Data Analytics,2.18
967,21,Sophomore,Data Analytics,2.87
968,22,Freshman,Biology,2.37
969,20,Senior,Biology,2.97
970,20,Junior,Data Analytics,1.33
971,21,Sophomore,Biology,3.44
972,19,Junior,Business Admin,2.69
973,20,Junior,Psychology,2.67
974,20,Freshman,Art History,1.94
975,19,Junior,Biology,2.66
976,19,Freshman,Data Analytics,3.09
977,20,Senior,Data Analytics,2.99
978,20,Freshman,Data Analytics,2.68
979,19,Junior,Computer Science,2.71
980,20,Senior,Data Analytics,2.55
981,20,Senior,Electrical Engineering,3.16
982,21,Junior,Psychology,3.11
983,19,Freshman,Biology,1.94
984,22,Senior,Computer Science,3.12
985,21,Sophomore,Computer Science,3.03
986,18,Senior,Psychology,3.34
987,19,Freshman,Electrical Engineering,2.04
988,21,Senior,Food Science,3.19
989,19,Junior,Business Admin,2.79
990,20,Junior,Art History,3.09
991,20,Freshman,Art History,3.05
992,20,Sophomore,Psychology,2.28
993,19,Sophomore,Data Analytics,2.14
994,20,Sophomore,Electrical Engineering,2.61
995,19,Freshman,Biology,2.12
996,20,Sophomore,Electrical Engineering,2.51
997,20,Junior,Food Science,2.37
998,20,Senior,Food Science,3.36
999,20,Junior,Biology,3.52
1000,21,Senior,Art History,2.95